Model,Agreed cases,Valid pairs,Agreement rate,Cohen's kappa
Claude Sonnet 4.6,86,93,0.9247311827956989,0.8607188703465982
ChatGPT-5.4,83,90,0.9222222222222223,0.7079276773296246
Gemini-3,84,90,0.9333333333333333,0.8657384385877672
